artwork_url,author,collection_id,copyright,country,detail_url,feed_url,genre,podcast_name,release_date,track_count
https://is1-ssl.mzstatic.com/image/thumb/Podcasts125/v4/ce/00/b9/ce00b95d-6a13-587f-417b-c750ec0a432c/mza_7524670328668388617.jpg/600x600bb.jpg,Stanford Engineering,1235836821,,USA,https://podcasts.apple.com/us/podcast/the-future-of-everything/id1235836821?uo=4,https://feeds.simplecast.com/Y8_HoeNW,Science,The Future of Everything,2026-05-22T14:00:00Z,379
https://is1-ssl.mzstatic.com/image/thumb/Podcasts126/v4/d9/32/32/d932328a-a21d-999c-690c-f05d680778b2/mza_13752174967843677920.jpg/600x600bb.jpg,TED Tech,470624027,,USA,https://podcasts.apple.com/us/podcast/ted-tech/id470624027?uo=4,https://feeds.acast.com/public/shows/67585c62102e6d4448d44969,Technology,TED Tech,2026-05-29T04:00:00Z,268
https://is1-ssl.mzstatic.com/image/thumb/Podcasts221/v4/f5/9c/9f/f59c9f1f-cbc8-0e46-629d-2df7e6a18274/mza_3594252261487211794.jpg/600x600bb.jpg,Bloomberg,1611767434,,USA,https://podcasts.apple.com/us/podcast/bloomberg-tech/id1611767434?uo=4,https://www.omnycontent.com/d/playlist/e73c998e-6e60-432f-8610-ae210140c5b1/41764a4f-fc64-4e11-89ba-ae7c0030ab5e/9caafc41-289c-4115-995d-ae7c0030ab75/podcast.rss,Tech News,Bloomberg Tech,2026-06-03T17:58:00Z,1064
https://is1-ssl.mzstatic.com/image/thumb/Podcasts126/v4/9b/96/ac/9b96ac54-6ef1-9380-43ad-83f3066155a0/mza_10914428610214068995.jpg/600x600bb.jpg,TWiT,73329404,,USA,https://podcasts.apple.com/us/podcast/this-week-in-tech-audio/id73329404?uo=4,https://rss.pdrl.fm/acfcd4/feeds.twit.tv/twit.xml,Technology,This Week in Tech (Audio),2026-05-31T22:40:00Z,210
https://is1-ssl.mzstatic.com/image/thumb/Podcasts221/v4/8a/06/16/8a061601-08f3-ebdb-8bd2-460396e6e5d6/mza_14058026425173737351.jpg/600x600bb.jpg,WIRED,1143630029,,USA,https://podcasts.apple.com/us/podcast/whats-new/id1143630029?uo=4,https://publicfeeds.net/f/8178/whats-new,Tech News,What's New,2024-09-05T09:00:00Z,2000
https://is1-ssl.mzstatic.com/image/thumb/Podcasts221/v4/c4/7c/0b/c47c0b72-58fb-0a1b-9836-03131889197a/mza_18042270610221770825.jpeg/600x600bb.jpg,NVIDIA,1186480811,,USA,https://podcasts.apple.com/us/podcast/nvidia-ai-podcast/id1186480811?uo=4,https://feeds.megaphone.fm/nvidiaaipodcast,Technology,NVIDIA AI Podcast,2026-05-27T15:45:00Z,304
https://is1-ssl.mzstatic.com/image/thumb/Podcasts221/v4/de/c5/20/dec52092-6be0-9007-875c-6aa8e690a905/mza_12490014444602578825.jpg/600x600bb.jpg,The New York Times,1528594034,,USA,https://podcasts.apple.com/us/podcast/hard-fork/id1528594034?uo=4,https://feeds.simplecast.com/6HKOhNgS,Technology,Hard Fork,2026-05-29T11:00:00Z,198
https://is1-ssl.mzstatic.com/image/thumb/Podcasts221/v4/19/1f/05/191f05c6-ee13-b197-d8e6-888dd7089040/mza_16546692845372604450.jpg/600x600bb.jpg,Stage Zero,1480583664,,USA,https://podcasts.apple.com/us/podcast/elon-musk-podcast/id1480583664?uo=4,https://anchor.fm/s/da3296d4/podcast/rss,Technology,Elon Musk Podcast,2026-06-03T07:12:00Z,1350
https://is1-ssl.mzstatic.com/image/thumb/Podcasts221/v4/49/6b/53/496b532c-27d1-9cfa-9538-65a88c322b4b/mza_9426444235964349583.png/600x600bb.jpg,Skynet Today,1502782720,,USA,https://podcasts.apple.com/us/podcast/last-week-in-ai/id1502782720?uo=4,https://rss.art19.com/last-week-in-ai,Technology,Last Week in AI,2026-05-18T06:00:00Z,285
https://is1-ssl.mzstatic.com/image/thumb/Podcasts221/v4/1e/0a/cf/1e0acf76-9aee-c343-ada4-fdb25e476f52/mza_17685700231285599738.jpg/600x600bb.jpg,TechCrunch,1454680607,,USA,https://podcasts.apple.com/us/podcast/techcrunch-daily-crunch/id1454680607?uo=4,https://feeds.megaphone.fm/techcrunch-daily-crunch,Technology,TechCrunch Daily Crunch,2026-06-03T11:00:00Z,1825
https://is1-ssl.mzstatic.com/image/thumb/Podcasts115/v4/3e/e3/9c/3ee39c89-de08-47a6-7f3d-3849cef6d255/mza_16657851278549137484.png/600x600bb.jpg,Lex Fridman,1434243584,,USA,https://podcasts.apple.com/us/podcast/lex-fridman-podcast/id1434243584?uo=4,https://lexfridman.com/feed/podcast/,Technology,Lex Fridman Podcast,2026-05-29T16:22:00Z,498
https://is1-ssl.mzstatic.com/image/thumb/Podcasts211/v4/cd/0b/bb/cd0bbbae-acb2-1962-6653-6b4e0634db3c/mza_2669424987953808400.jpg/600x600bb.jpg,The Wall Street Journal,74844126,,USA,https://podcasts.apple.com/us/podcast/wsj-tech-news-briefing/id74844126?uo=4,https://video-api.wsj.com/podcast/rss/wsj/tech-news-briefing,Tech News,WSJ Tech News Briefing,2026-06-03T14:06:00Z,24
https://is1-ssl.mzstatic.com/image/thumb/Podcasts211/v4/8c/5a/a7/8c5aa731-f3cd-c214-968f-d70c1de62a67/mza_11141039469126456067.jpeg/600x600bb.jpg,The New York Times,1507423923,,USA,https://podcasts.apple.com/us/podcast/rabbit-hole/id1507423923?uo=4,https://feeds.simplecast.com/rRMR9QHI,Technology,Rabbit Hole,2022-10-07T10:00:00Z,10
https://is1-ssl.mzstatic.com/image/thumb/Podcasts211/v4/27/ae/98/27ae9804-d003-533c-32a4-a7c02c8dd5fd/mza_16763705750851859813.jpeg/600x600bb.jpg,Dietmar Fischer,1701165010,,USA,https://podcasts.apple.com/us/podcast/a-beginners-guide-to-ai/id1701165010?uo=4,https://feeds.acast.com/public/shows/6953b9ead0c0aeaf12bcbd70,Technology,A Beginner's Guide to AI,2026-06-02T20:07:00Z,360
https://is1-ssl.mzstatic.com/image/thumb/Podcasts221/v4/76/8b/b4/768bb48e-1f3a-3be2-8f04-b2098b45173a/mza_18110419248046786259.jpg/600x600bb.jpg,Jim Love,1363182054,,USA,https://podcasts.apple.com/us/podcast/cybersecurity-today/id1363182054?uo=4,https://cybersecuritytoday.libsyn.com/rss,Tech News,Cybersecurity Today,2026-06-01T04:12:00Z,105
https://is1-ssl.mzstatic.com/image/thumb/Podcasts211/v4/ec/7b/2c/ec7b2c25-5c3a-4ba0-5472-d83b1046f8aa/mza_11538258655927977860.jpg/600x600bb.jpg,BBC World Service,802996636,,USA,https://podcasts.apple.com/us/podcast/tech-life/id802996636?uo=4,https://podcasts.files.bbci.co.uk/p01plr2p.rss,Technology,Tech Life,2026-05-26T19:30:00Z,359
https://is1-ssl.mzstatic.com/image/thumb/Podcasts221/v4/3b/f7/db/3bf7dbc4-b8cc-3b1f-aab3-d5efdc64b1f1/mza_12861866806353468883.jpeg/600x600bb.jpg,The Verge,430333725,,USA,https://podcasts.apple.com/us/podcast/the-vergecast/id430333725?uo=4,https://feeds.megaphone.fm/vergecast,Technology,The Vergecast,2026-06-03T20:16:00Z,1001
https://is1-ssl.mzstatic.com/image/thumb/Podcasts221/v4/44/53/dd/4453dde0-6830-63ca-737c-746884ff4155/mza_3673903811199429827.jpeg/600x600bb.jpg,Tom Merritt,790864884,,USA,https://podcasts.apple.com/us/podcast/daily-tech-news-show/id790864884?uo=4,https://feeds.acast.com/public/shows/69874998-717b-4db3-9857-c07cf9597f55,Technology,Daily Tech News Show,2026-06-02T18:53:00Z,2000
https://is1-ssl.mzstatic.com/image/thumb/Podcasts221/v4/3e/04/91/3e049169-5b95-784c-2197-01cfff9f41eb/mza_10026788811025472218.jpg/600x600bb.jpg,Andreessen Horowitz,842818711,,USA,https://podcasts.apple.com/us/podcast/the-a16z-show/id842818711?uo=4,https://feeds.simplecast.com/JGE3yC0V,Technology,The a16z Show,2026-06-02T17:16:00Z,1000
https://is1-ssl.mzstatic.com/image/thumb/Podcasts221/v4/df/63/44/df63442f-1bb5-fb45-8cf1-7de7445a3eb6/mza_4386875957028103821.jpg/600x600bb.jpg,with Anastasi,1829970978,,USA,https://podcasts.apple.com/us/podcast/deep-in-tech/id1829970978?uo=4,https://rss.buzzsprout.com/2522747.rss,Technology,Deep In Tech,2026-03-26T17:00:00Z,16
https://is1-ssl.mzstatic.com/image/thumb/Podcasts221/v4/46/fc/8b/46fc8b31-12ef-b70d-b859-a09fc2f1a1cc/mza_2745054771651511176.png/600x600bb.jpg,TED,1741574582,,USA,https://podcasts.apple.com/us/podcast/the-ted-ai-show/id1741574582?uo=4,https://feeds.acast.com/public/shows/6758564a102e6d4448d19589,Technology,The TED AI Show,2025-04-15T04:00:00Z,37
https://is1-ssl.mzstatic.com/image/thumb/Podcasts221/v4/65/d1/1e/65d11ed6-914f-e163-bc7a-d1ea5eda5b79/mza_2184580866640883071.jpg/600x600bb.jpg,Y Combinator,1236907421,,USA,https://podcasts.apple.com/us/podcast/y-combinator-startup-podcast/id1236907421?uo=4,https://anchor.fm/s/8c1524bc/podcast/rss,Technology,Y Combinator Startup Podcast,2026-05-27T15:00:00Z,315
https://is1-ssl.mzstatic.com/image/thumb/Podcasts122/v4/3a/80/a7/3a80a7db-5620-f77b-9935-016e61cc2fbc/mza_9399859904175514567.jpg/600x600bb.jpg,Jack Rhysider,1296350485,,USA,https://podcasts.apple.com/us/podcast/darknet-diaries/id1296350485?uo=4,https://podcast.darknetdiaries.com,Technology,Darknet Diaries,2026-06-02T07:00:00Z,188
https://is1-ssl.mzstatic.com/image/thumb/Podcasts221/v4/94/ea/88/94ea8879-e7f2-378c-231c-c041c7b295b5/mza_9110350352446077100.jpg/600x600bb.jpg,NPR,523121474,,USA,https://podcasts.apple.com/us/podcast/ted-radio-hour/id523121474?uo=4,https://feeds.npr.org/510298/podcast.xml,Technology,TED Radio Hour,2026-05-29T07:00:00Z,387
https://is1-ssl.mzstatic.com/image/thumb/Podcasts221/v4/e8/13/6b/e8136b09-6f87-e6b2-ea6f-31b39e273a3b/mza_3507355769190845289.jpeg/600x600bb.jpg,Mindstream (Hubspot Media),1738550343,,USA,https://podcasts.apple.com/us/podcast/the-next-wave-ai-and-the-future-of-technology/id1738550343?uo=4,https://feeds.megaphone.fm/thenextwave,Business,The Next Wave - AI and The Future of Technology,2026-03-25T05:00:00Z,105
https://is1-ssl.mzstatic.com/image/thumb/Podcasts211/v4/90/5b/62/905b6220-b426-6e2d-b97c-9f0a16ed31c4/mza_1372109499010593679.jpeg/600x600bb.jpg,PJ Vogt,1614253637,,USA,https://podcasts.apple.com/us/podcast/search-engine/id1614253637?uo=4,https://rss.amperwave.net/v2/feed/audacynetwork/search-engine,Technology,Search Engine,2026-05-29T09:00:00Z,149
https://is1-ssl.mzstatic.com/image/thumb/Podcasts124/v4/c7/d2/92/c7d292ea-44b3-47ff-2f5e-74fa5b23db6c/mza_7005270671777648882.png/600x600bb.jpg,"All-In Podcast, LLC",1502871393,,USA,https://podcasts.apple.com/us/podcast/all-in-with-chamath-jason-sacks-friedberg/id1502871393?uo=4,https://rss.libsyn.com/shows/254861/destinations/1928300.xml,Technology,"All-In with Chamath, Jason, Sacks & Friedberg",2026-06-03T03:06:00Z,380
https://is1-ssl.mzstatic.com/image/thumb/Podcasts221/v4/96/9a/de/969ade01-b527-6ce7-c0c6-7a2e1ef24dab/mza_2451383717579494952.jpg/600x600bb.jpg,a16z,1740178076,,USA,https://podcasts.apple.com/us/podcast/ai-a16z/id1740178076?uo=4,https://feeds.simplecast.com/Hb_IuXOo,Technology,AI + a16z,2026-06-02T16:50:00Z,98
https://is1-ssl.mzstatic.com/image/thumb/Podcasts211/v4/43/c5/fb/43c5fbdf-b302-053a-2704-ba5f74322625/mza_13119989780540450831.jpg/600x600bb.jpg,Ben Gilbert and David Rosenthal,1050462261,,USA,https://podcasts.apple.com/us/podcast/acquired/id1050462261?uo=4,https://feeds.transistor.fm/acquired,Technology,Acquired,2026-05-18T03:26:00Z,214
https://is1-ssl.mzstatic.com/image/thumb/Podcasts211/v4/00/eb/fc/00ebfcdc-6a2e-e046-adea-f907461ca3a3/mza_7764048654762405827.jpg/600x600bb.jpg,MIT Sloan Management Review,1533115958,,USA,https://podcasts.apple.com/us/podcast/me-myself-and-ai/id1533115958?uo=4,https://feeds.megaphone.fm/TPG7603691495,Technology,"Me, Myself, and AI",2026-05-19T04:00:00Z,118
https://is1-ssl.mzstatic.com/image/thumb/Podcasts126/v4/95/aa/58/95aa58ac-8618-5259-4a26-2f864665ebf4/mza_15276922367235047332.png/600x600bb.jpg,Software Engineering Daily,1019576853,,USA,https://podcasts.apple.com/us/podcast/software-engineering-daily/id1019576853?uo=4,https://softwareengineeringdaily.com/feed/podcast/,Tech News,Software Engineering Daily,2026-06-02T09:00:00Z,105
https://is1-ssl.mzstatic.com/image/thumb/Podcasts221/v4/8f/46/88/8f4688ec-087f-28a1-7f6d-0d401d2e8a00/mza_14043856542292072583.jpg/600x600bb.jpg,Conviction,1668002688,,USA,https://podcasts.apple.com/us/podcast/no-priors-artificial-intelligence-technology-startups/id1668002688?uo=4,https://feeds.megaphone.fm/nopriors,Technology,No Priors: Artificial Intelligence | Technology | Startups,2026-05-21T07:00:00Z,164
https://is1-ssl.mzstatic.com/image/thumb/Podcasts221/v4/4c/a2/92/4ca2925d-7a78-cd2e-4dbc-4ae8109df0a6/mza_16621928615592879338.jpg/600x600bb.jpg,WIRED,266391367,,USA,https://podcasts.apple.com/us/podcast/uncanny-valley-wired/id266391367?uo=4,https://publicfeeds.net/f/5901/gadget-lab,Technology,Uncanny Valley | WIRED,2026-06-02T09:00:00Z,443
https://is1-ssl.mzstatic.com/image/thumb/Podcasts221/v4/83/98/e4/8398e4cd-87cb-5239-a28b-95c8800884da/mza_1600739564434698433.jpg/600x600bb.jpg,The Wall Street Journal,1234320525,,USA,https://podcasts.apple.com/us/podcast/bold-names/id1234320525?uo=4,https://video-api.wsj.com/podcast/rss/wsj/wsj-the-future-of-everything,Technology,Bold Names,2026-04-03T07:00:00Z,50
https://is1-ssl.mzstatic.com/image/thumb/Podcasts221/v4/39/91/db/3991db3a-72d2-a790-2676-d9a8ece72f2f/mza_9318876029142238572.jpg/600x600bb.jpg,John Coogan & Jordi Hays,1772360235,,USA,https://podcasts.apple.com/us/podcast/tbpn/id1772360235?uo=4,https://feeds.transistor.fm/technology-brother,Technology,TBPN,2026-06-03T21:03:00Z,553
https://is1-ssl.mzstatic.com/image/thumb/Podcasts211/v4/9c/78/d8/9c78d82d-a2d1-a026-6ca2-f92ea61be9ae/mza_18421328158594577747.jpg/600x600bb.jpg,Nathaniel Whittemore,1680633614,,USA,https://podcasts.apple.com/us/podcast/the-ai-daily-brief-artificial-intelligence-news/id1680633614?uo=4,https://anchor.fm/s/f7cac464/podcast/rss,Technology,The AI Daily Brief: Artificial Intelligence News and Analysis,2026-06-03T20:05:00Z,994
https://is1-ssl.mzstatic.com/image/thumb/Podcasts211/v4/61/ae/be/61aebe7a-06e8-7390-3ae5-f2fc5889e36c/mza_10827489189939068066.jpg/600x600bb.jpg,Colossus | Investing & Business Podcasts,1154105909,,USA,https://podcasts.apple.com/us/podcast/invest-like-the-best-with-patrick-oshaughnessy/id1154105909?uo=4,https://feeds.megaphone.fm/CLS2859450455,Investing,Invest Like the Best with Patrick O'Shaughnessy,2026-05-28T08:00:00Z,582
https://is1-ssl.mzstatic.com/image/thumb/Podcasts125/v4/7d/89/b1/7d89b1bf-d4dc-c8aa-894c-d2bc002c42be/mza_5764066019463168929.png/600x600bb.jpg,Bankless,1499409058,,USA,https://podcasts.apple.com/us/podcast/bankless/id1499409058?uo=4,https://feeds.flightcast.com/p83fuj0y0u58o82l41xei7zo.xml,Technology,Bankless,2026-06-01T10:30:00Z,1286
https://is1-ssl.mzstatic.com/image/thumb/Podcasts221/v4/0e/f8/2e/0ef82e32-2663-e4fa-92f1-a1083272774d/mza_997507240740242504.jpg/600x600bb.jpg,Kaleidoscope,1753117762,,USA,https://podcasts.apple.com/us/podcast/shell-game/id1753117762?uo=4,https://www.omnycontent.com/d/playlist/e73c998e-6e60-432f-8610-ae210140c5b1/d3d3abca-191a-4010-8160-b3530112d393/c639b22c-ee8c-43dd-86c1-b3530112d3a3/podcast.rss,Technology,Shell Game,2026-02-25T16:45:00Z,19
https://is1-ssl.mzstatic.com/image/thumb/Podcasts221/v4/fe/7e/3b/fe7e3bc0-bdde-6fb6-f811-55e4d06e8085/mza_333854194254290518.jpeg/600x600bb.jpg,Morning Brew,1355212895,,USA,https://podcasts.apple.com/us/podcast/tech-brew-ride-home/id1355212895?uo=4,https://feeds.megaphone.fm/ridehome,Technology,Tech Brew Ride Home,2026-06-03T18:54:00Z,2004
https://is1-ssl.mzstatic.com/image/thumb/Podcasts221/v4/d6/32/80/d632803f-3ed4-bb1f-cd61-806fca57c005/mza_16471444242429361376.jpg/600x600bb.jpg,Cast Nexa,1896801264,,USA,https://podcasts.apple.com/us/podcast/ai-business-daily/id1896801264?uo=4,https://feeds.simplecast.com/KH15z61n,Technology,AI Business Daily,2026-06-03T10:45:00Z,7
https://is1-ssl.mzstatic.com/image/thumb/Podcasts221/v4/13/d7/70/13d770a9-15da-2cfb-1adf-eb616a8df1de/mza_7147558842617286242.jpg/600x600bb.jpg,Paris Marx,1507621076,,USA,https://podcasts.apple.com/us/podcast/tech-wont-save-us/id1507621076?uo=4,https://rss.buzzsprout.com/1004689.rss,Technology,Tech Won't Save Us,2026-05-28T07:00:00Z,346
https://is1-ssl.mzstatic.com/image/thumb/Podcasts211/v4/60/e5/97/60e59746-1e5a-de6e-59ec-78bc76d43422/mza_17349172200761408050.png/600x600bb.jpg,Kevin Pereira & Gavin Purcell,1682409647,,USA,https://podcasts.apple.com/us/podcast/ai-for-humans-weekly-ai-news-tools-trends/id1682409647?uo=4,https://rss.libsyn.com/shows/469701/destinations/3976203.xml,Technology,"AI For Humans: Weekly AI News, Tools & Trends",2026-05-29T10:00:00Z,173
https://is1-ssl.mzstatic.com/image/thumb/Podcasts221/v4/e8/fe/ce/e8fece6e-c97f-8dd5-19a2-5c3b1f93f8e4/mza_726727706016079768.jpg/600x600bb.jpg,Dwarkesh Patel,1516093381,,USA,https://podcasts.apple.com/us/podcast/dwarkesh-podcast/id1516093381?uo=4,https://apple.dwarkesh-podcast.workers.dev/feed.rss,Technology,Dwarkesh Podcast,2026-05-15T16:04:00Z,127
https://is1-ssl.mzstatic.com/image/thumb/Podcasts221/v4/9e/30/eb/9e30eb41-052c-fd92-51d8-89f79fafbf44/mza_2596151280106830620.jpg/600x600bb.jpg,The Verge,1011668648,,USA,https://podcasts.apple.com/us/podcast/decoder-with-nilay-patel/id1011668648?uo=4,https://feeds.megaphone.fm/recodedecode,Business,Decoder with Nilay Patel,2026-05-28T09:00:00Z,940
https://is1-ssl.mzstatic.com/image/thumb/Podcasts211/v4/72/7a/be/727abe96-2e44-d9ac-a6d9-7226372b5eb9/mza_6848050469316823102.jpg/600x600bb.jpg,Practical AI LLC,1406537385,,USA,https://podcasts.apple.com/us/podcast/practical-ai/id1406537385?uo=4,https://feeds.transistor.fm/practical-ai-machine-learning-data-science-llm,Technology,Practical AI,2026-05-28T09:00:00Z,360
https://is1-ssl.mzstatic.com/image/thumb/Podcasts211/v4/28/b9/08/28b908c5-60e2-d461-e0d0-e3565767e74c/mza_10040908254531769073.jpg/600x600bb.jpg,iHeartPodcasts,282795787,,USA,https://podcasts.apple.com/us/podcast/techstuff/id282795787?uo=4,https://www.omnycontent.com/d/playlist/e73c998e-6e60-432f-8610-ae210140c5b1/d02e7811-037c-4b4c-ba2d-ae2b00350ef0/659ad4ad-c26b-48a7-bb34-ae2b00350f07/podcast.rss,Technology,TechStuff,2026-06-02T16:00:00Z,2018
https://is1-ssl.mzstatic.com/image/thumb/Podcasts125/v4/83/63/54/836354bd-41c1-b0e6-8acf-749566eb579b/mza_5658174023740032740.png/600x600bb.jpg,Percipient - Chad Main,1315450241,,USA,https://podcasts.apple.com/us/podcast/technically-legal-a-legal-technology-and/id1315450241?uo=4,https://technicallylegal.libsyn.com/rss,Technology,Technically Legal - A Legal Technology and Innovation Podcast,2026-05-28T09:11:00Z,100
https://is1-ssl.mzstatic.com/image/thumb/Podcasts211/v4/3a/78/85/3a788593-8b6d-0604-4294-8c0064f90901/mza_18388961160349213914.jpg/600x600bb.jpg,Cal Newport,1515786216,,USA,https://podcasts.apple.com/us/podcast/deep-questions-with-cal-newport/id1515786216?uo=4,https://rss.pdrl.fm/2d4b16/feeds.simplecast.com/_IjaDYAj,Technology,Deep Questions with Cal Newport,2026-06-01T10:00:00Z,430
https://is1-ssl.mzstatic.com/image/thumb/Podcasts221/v4/8e/b5/3b/8eb53b7d-37c8-4e41-5efe-4985c53297b3/mza_4346483233500738558.jpg/600x600bb.jpg,PodcastAI,1783414563,,USA,https://podcasts.apple.com/us/podcast/the-openai-daily-brief/id1783414563?uo=4,https://feeds.podcastai.com/2KWXZvec5SRWBEVITDBAOT.xml,Technology,The OpenAI Daily Brief,2025-10-27T17:00:00Z,118
https://is1-ssl.mzstatic.com/image/thumb/Podcasts211/v4/c2/18/a9/c218a938-74ba-42f4-4174-267463b633c6/mza_7358057830992025831.jpg/600x600bb.jpg,AI Masterclass,1721855892,,USA,https://podcasts.apple.com/us/podcast/artificial-intelligence-masterclass/id1721855892?uo=4,https://feeds.megaphone.fm/ai-masterclass,Technology,Artificial Intelligence Masterclass,2026-02-17T18:05:00Z,411
https://is1-ssl.mzstatic.com/image/thumb/Podcasts221/v4/c8/a1/3c/c8a13c5f-7295-bc72-6152-db1cf5fbd405/mza_760841200511424832.jpg/600x600bb.jpg,Cool Zone Media and iHeartPodcasts,1730587238,,USA,https://podcasts.apple.com/us/podcast/better-offline/id1730587238?uo=4,https://www.omnycontent.com/d/playlist/e73c998e-6e60-432f-8610-ae210140c5b1/cf0c25ad-cf01-4da5-ae1c-b0fc015f790e/53ed270b-7147-4f70-81c2-b0fc015fe4ed/podcast.rss,Technology,Better Offline,2026-06-03T04:00:00Z,243
https://is1-ssl.mzstatic.com/image/thumb/Podcasts221/v4/89/82/ce/8982ce6f-12ee-3a11-78f3-80b3f6c326d9/mza_3148123999368958894.jpeg/600x600bb.jpg,The Observer,1896857906,,USA,https://podcasts.apple.com/us/podcast/endgame-can-we-live-with-artificial-general-intelligence/id1896857906?uo=4,https://feeds.acast.com/public/shows/endgame-can-we-live-with-artificial-general-intelligence,Technology,Endgame: Can we live with Artificial General Intelligence?,2026-06-01T23:00:00Z,3
https://is1-ssl.mzstatic.com/image/thumb/Podcasts211/v4/df/77/34/df7734e0-d212-274e-e216-b051c675b2de/mza_8403544740418978020.jpg/600x600bb.jpg,Claire Vo,1809663079,,USA,https://podcasts.apple.com/us/podcast/how-i-ai/id1809663079?uo=4,https://anchor.fm/s/1035b1568/podcast/rss,Technology,How I AI,2026-06-03T11:00:00Z,81
https://is1-ssl.mzstatic.com/image/thumb/PodcastSource126/v4/4b/ab/e5/4babe58b-7cda-b2b3-40a5-bcac3f262764/33f9cff7-dc0b-4293-a5bf-d8cc62ab8c98.jpg/600x600bb.jpg,BG2Pod,1727278168,,USA,https://podcasts.apple.com/us/podcast/bg2pod-with-brad-gerstner-and-bill-gurley/id1727278168?uo=4,https://anchor.fm/s/f06c2370/podcast/rss,Technology,BG2Pod with Brad Gerstner and Bill Gurley,2025-12-23T23:00:00Z,43
https://is1-ssl.mzstatic.com/image/thumb/Podcasts126/v4/bf/ce/23/bfce2354-2548-00f0-d795-a34404946a6b/mza_10222213905677371023.jpg/600x600bb.jpg,Jason Calacanis,315114957,,USA,https://podcasts.apple.com/us/podcast/this-week-in-startups/id315114957?uo=4,https://anchor.fm/s/7c624c84/podcast/rss,Technology,This Week in Startups,2026-06-03T22:26:00Z,1430
https://is1-ssl.mzstatic.com/image/thumb/Podcasts211/v4/7c/e7/6f/7ce76f48-9b7d-51dc-5533-b6a4af596daf/mza_2299958902563606985.jpeg/600x600bb.jpg,Longview,1839942885,,USA,https://podcasts.apple.com/us/podcast/the-last-invention/id1839942885?uo=4,https://feeds.megaphone.fm/thelastinvention,Technology,The Last Invention,2026-04-16T01:50:00Z,14
https://is1-ssl.mzstatic.com/image/thumb/Podcasts211/v4/c7/80/a3/c780a365-a1ed-527f-365f-1bd3e51ac6d1/mza_5908526734339724450.jpg/600x600bb.jpg,Lenny Rachitsky,1627920305,,USA,https://podcasts.apple.com/us/podcast/lennys-podcast-product-career-growth/id1627920305?uo=4,https://api.substack.com/feed/podcast/10845.rss,Technology,Lenny's Podcast: Product | Career | Growth,2026-05-31T12:31:00Z,346
https://is1-ssl.mzstatic.com/image/thumb/Podcasts221/v4/d9/1b/91/d91b91c1-7b1a-0d84-7702-da8c4abb8c39/mza_12872078543701307403.jpeg/600x600bb.jpg,OpenAI,1820330260,,USA,https://podcasts.apple.com/us/podcast/openai-podcast/id1820330260?uo=4,https://feeds.acast.com/public/shows/68470ba8d911dedd6501609c,Technology,OpenAI Podcast,2026-05-14T16:50:00Z,20
https://is1-ssl.mzstatic.com/image/thumb/Podcasts126/v4/d7/f1/fb/d7f1fb86-723a-bc54-6280-bb6ec5a7f245/mza_15622422855060942667.jpeg/600x600bb.jpg,Daniel Faggella,670771965,,USA,https://podcasts.apple.com/us/podcast/the-ai-in-business-podcast/id670771965?uo=4,https://rss.libsyn.com/shows/45920/destinations/151434.xml,Technology,The AI in Business Podcast,2026-06-02T06:00:00Z,1139
https://is1-ssl.mzstatic.com/image/thumb/Podcasts211/v4/6f/ba/72/6fba726d-9e10-d1ff-2387-df2e431200fa/mza_10118646900339289665.jpg/600x600bb.jpg,Kim Komando,1572302975,,USA,https://podcasts.apple.com/us/podcast/the-kim-komando-show/id1572302975?uo=4,https://feeds.megaphone.fm/WSMM3014080557,Technology,The Kim Komando Show,2026-05-30T09:59:00Z,316
https://is1-ssl.mzstatic.com/image/thumb/Podcasts112/v4/c9/c2/ed/c9c2ed19-02ba-a07c-5010-c5ebfdd0ab24/mza_11665034845223496592.jpeg/600x600bb.jpg,Laura Shin,1123922160,,USA,https://podcasts.apple.com/us/podcast/unchained/id1123922160?uo=4,https://feeds.megaphone.fm/LSHML4761942757,Business News,Unchained,2026-06-03T23:11:00Z,1169
https://is1-ssl.mzstatic.com/image/thumb/Podcasts211/v4/da/9e/5e/da9e5e15-0428-21da-60bd-bdf1cdc8ae0d/mza_14454408909566371805.jpg/600x600bb.jpg,Cult of Mac,1863268753,,USA,https://podcasts.apple.com/us/podcast/cult-of-mac/id1863268753?uo=4,https://feeds.transistor.fm/cult-of-mac,Technology,Cult of Mac,2026-05-28T21:18:00Z,25
https://is1-ssl.mzstatic.com/image/thumb/Podcasts211/v4/6c/dd/81/6cdd8105-a77c-bd25-ccef-08901d82b2cc/mza_8985859878675517762.jpeg/600x600bb.jpg,Gimlet,941907967,,USA,https://podcasts.apple.com/us/podcast/reply-all/id941907967?uo=4,https://feeds.megaphone.fm/replyall,Technology,Reply All,2024-12-05T08:00:00Z,214
https://is1-ssl.mzstatic.com/image/thumb/Podcasts211/v4/91/5c/d9/915cd9e2-4e82-7abf-17b7-5c4956f8fe91/mza_17449670480655089401.jpg/600x600bb.jpg,MASTER-CLAUDE-CHAT-COWORK-CODE,1882007947,,USA,https://podcasts.apple.com/us/podcast/master-claude-chat-cowork-code/id1882007947?uo=4,https://anchor.fm/s/10fbb38c4/podcast/rss,Technology,"Master Claude Chat, Cowork, Code",2026-05-15T00:49:00Z,15
https://is1-ssl.mzstatic.com/image/thumb/Podcasts221/v4/92/dd/8e/92dd8eed-43ec-dc47-50ae-c1ec7c0a3353/mza_3861776104886813687.jpg/600x600bb.jpg,MKBHD,1474429475,,USA,https://podcasts.apple.com/us/podcast/waveform-the-mkbhd-podcast/id1474429475?uo=4,https://feeds.megaphone.fm/STU4418364045,Technology,Waveform: The MKBHD Podcast,2026-05-26T08:00:00Z,356
https://is1-ssl.mzstatic.com/image/thumb/Podcasts221/v4/dc/82/af/dc82af71-3bb1-8aae-a0d1-5510646d2f4a/mza_8358567098597130017.jpeg/600x600bb.jpg,Jesse Michels,1771917740,,USA,https://podcasts.apple.com/us/podcast/american-alchemy-with-jesse-michels/id1771917740?uo=4,https://rss.pdrl.fm/d763df/feeds.megaphone.fm/jessemichels,Technology,American Alchemy with Jesse Michels,2026-06-02T02:31:00Z,127
https://is1-ssl.mzstatic.com/image/thumb/Podcasts221/v4/c3/30/67/c330676b-2402-432b-0505-12490dc3ccc1/mza_4262545472677654397.jpeg/600x600bb.jpg,Alex Kantrowitz,1522960417,,USA,https://podcasts.apple.com/us/podcast/big-technology-podcast/id1522960417?uo=4,https://feeds.megaphone.fm/LI3617121267,Tech News,Big Technology Podcast,2026-06-01T18:25:00Z,531
https://is1-ssl.mzstatic.com/image/thumb/Podcasts221/v4/ab/54/4a/ab544a69-282e-0850-431c-544f4e2dd17f/mza_6569825874637328093.jpg/600x600bb.jpg,"The Center for Humane Technology, Tristan Harris, Aza Raskin",1460030305,,USA,https://podcasts.apple.com/us/podcast/your-undivided-attention/id1460030305?uo=4,https://feeds.simplecast.com/rZ0cYk12,Technology,Your Undivided Attention,2026-05-14T09:00:00Z,160
https://is1-ssl.mzstatic.com/image/thumb/Podcasts211/v4/1d/98/3f/1d983f57-5cda-37c8-7b51-b31eaa00ddb9/mza_15454235516419575708.jpg/600x600bb.jpg,The Atlantic,1378618386,,USA,https://podcasts.apple.com/us/podcast/galaxy-brain/id1378618386?uo=4,https://feeds.megaphone.fm/galaxybrain,Technology,Galaxy Brain,2026-05-22T04:00:00Z,31
https://is1-ssl.mzstatic.com/image/thumb/Podcasts116/v4/a1/be/2b/a1be2b5b-416d-eb8b-f008-dbf8f4dad378/mza_13520720204623959175.jpg/600x600bb.jpg,TWiT,79016499,,USA,https://podcasts.apple.com/us/podcast/security-now-audio/id79016499?uo=4,https://rss.pdrl.fm/f84ea4/feeds.twit.tv/sn.xml,Technology,Security Now (Audio),2026-06-03T03:08:00Z,212
https://is1-ssl.mzstatic.com/image/thumb/Podcasts211/v4/a3/81/3a/a3813a57-e8ec-7b73-37d4-348145548b81/mza_17033335129325092052.jpg/600x600bb.jpg,Linus Tech Tips,1062997995,,USA,https://podcasts.apple.com/us/podcast/the-wan-show/id1062997995?uo=4,https://feeds.megaphone.fm/LMG3928170156,Tech News,The WAN Show,2026-05-23T04:30:00Z,389
https://is1-ssl.mzstatic.com/image/thumb/Podcasts126/v4/91/22/42/9122426f-df98-4302-6ba3-da67b0648e70/mza_5041274938111919910.png/600x600bb.jpg,"Marco Arment, Casey Liss, John Siracusa",617416468,,USA,https://podcasts.apple.com/us/podcast/accidental-tech-podcast/id617416468?uo=4,https://cdn.atp.fm/rss/public?wtvryzdm,Technology,Accidental Tech Podcast,2026-05-21T21:51:00Z,693
https://is1-ssl.mzstatic.com/image/thumb/Podcasts211/v4/3e/dc/c2/3edcc257-1f30-7acd-f7b6-67143f9d46fe/mza_15191408761728806644.png/600x600bb.jpg,Dream to Reality,1896845713,,USA,https://podcasts.apple.com/us/podcast/dream-to-reality-show/id1896845713?uo=4,https://feed.podbean.com/DreamtoReality/feed.xml,Technology,Dream to Reality Show,2026-06-03T13:39:00Z,5
https://is1-ssl.mzstatic.com/image/thumb/Podcasts122/v4/54/3c/8d/543c8dab-2a14-54dc-e899-014727a14ed5/mza_6721855998870076427.jpeg/600x600bb.jpg,New York Magazine,1073226719,,USA,https://podcasts.apple.com/us/podcast/pivot/id1073226719?uo=4,https://feeds.megaphone.fm/pivot,News Commentary,Pivot,2026-06-02T10:00:00Z,778
https://is1-ssl.mzstatic.com/image/thumb/Podcasts126/v4/96/d6/82/96d682e0-e42f-d8bf-68c3-c18ff9c20c8f/mza_15727650922171364471.jpg/600x600bb.jpg,硅谷101,1498541229,,USA,https://podcasts.apple.com/us/podcast/%E7%A1%85%E8%B0%B7101/id1498541229?uo=4,https://feeds.fireside.fm/sv101/rss,Technology,硅谷101,2026-05-21T00:00:00Z,247
https://is1-ssl.mzstatic.com/image/thumb/Podcasts221/v4/9a/f6/b0/9af6b09c-5c3f-57b0-b17f-4f68ee9d1afe/mza_4364975442575147509.jpeg/600x600bb.jpg,Morning Brew Inc.,1896766925,,USA,https://podcasts.apple.com/us/podcast/the-intelligence-shift/id1896766925?uo=4,https://feeds.megaphone.fm/MOBI9015761848,Technology,The Intelligence Shift,2026-05-26T10:30:00Z,2
https://is1-ssl.mzstatic.com/image/thumb/Podcasts116/v4/2a/32/88/2a3288dd-537b-975a-46fb-0abdb77c2e5d/mza_7642749812700456740.jpg/600x600bb.jpg,TWiT,179237749,,USA,https://podcasts.apple.com/us/podcast/macbreak-weekly-audio/id179237749?uo=4,https://rss.pdrl.fm/fb723f/feeds.twit.tv/mbw.xml,Technology,MacBreak Weekly (Audio),2026-05-27T00:00:00Z,211
https://is1-ssl.mzstatic.com/image/thumb/Podcasts221/v4/79/45/99/794599ee-b368-ad32-08c1-10fb8da1ab96/mza_4122156040194880124.png/600x600bb.jpg,罗永浩的十字路口,1834069371,,USA,https://podcasts.apple.com/us/podcast/%E7%BD%97%E6%B0%B8%E6%B5%A9%E7%9A%84%E5%8D%81%E5%AD%97%E8%B7%AF%E5%8F%A3/id1834069371?uo=4,https://feed.xyzfm.space/wmnkvmrpwuww,Technology,罗永浩的十字路口,2026-05-29T04:20:00Z,29
https://is1-ssl.mzstatic.com/image/thumb/Podcasts221/v4/2d/c3/b1/2dc3b1c6-2170-e926-04d0-0aaabf848eff/mza_2266632206147105925.jpg/600x600bb.jpg,Latent.Space,1674008350,,USA,https://podcasts.apple.com/us/podcast/latent-space-the-ai-engineer-podcast/id1674008350?uo=4,https://api.substack.com/feed/podcast/1084089.rss,Technology,Latent Space: The AI Engineer Podcast,2026-06-03T17:13:00Z,206
https://is1-ssl.mzstatic.com/image/thumb/Podcasts211/v4/0c/86/91/0c86914d-61de-33eb-3d20-5f18d73a793a/mza_5898633283636713251.jpg/600x600bb.jpg,PodcastAI,1784290225,,USA,https://podcasts.apple.com/us/podcast/the-anthropic-ai-daily-brief/id1784290225?uo=4,https://feeds.podcastai.com/6KBha9KI2a95IejKjkdjud.xml,Technology,The Anthropic AI Daily Brief,2025-10-27T17:00:00Z,104
https://is1-ssl.mzstatic.com/image/thumb/Podcasts221/v4/b8/a8/08/b8a8083d-09ef-cec7-5806-9d9f8f25ac1c/mza_10379799658823892772.jpg/600x600bb.jpg,Hawkins tech,1896847374,,USA,https://podcasts.apple.com/us/podcast/the-hawkins-tech-podcast/id1896847374?uo=4,https://anchor.fm/s/1061749c0/podcast/rss,Technology,The Hawkins Tech podcast,2026-05-30T16:24:00Z,13
https://is1-ssl.mzstatic.com/image/thumb/Podcasts211/v4/4d/06/fc/4d06fc3a-e7df-9bfb-e38e-e0d40d8e44d0/mza_18115190681597785982.jpg/600x600bb.jpg,Everyday AI,1683401861,,USA,https://podcasts.apple.com/us/podcast/everyday-ai-podcast-an-ai-and-chatgpt-podcast/id1683401861?uo=4,https://rss.buzzsprout.com/2175779.rss,Technology,Everyday AI Podcast – An AI and ChatGPT Podcast,2026-06-02T13:00:00Z,790
https://is1-ssl.mzstatic.com/image/thumb/Podcasts221/v4/fb/ff/bb/fbffbba3-1a5b-0759-fa35-cafc42f214c9/mza_4444412895211887709.jpg/600x600bb.jpg,Danny Knowles,1482455669,,USA,https://podcasts.apple.com/us/podcast/what-bitcoin-did/id1482455669?uo=4,https://feeds.fountain.fm/UZSKQcrOnhqYS1JopxGg,Technology,What Bitcoin Did,2026-05-26T16:00:00Z,174
https://is1-ssl.mzstatic.com/image/thumb/Podcasts211/v4/90/9b/6a/909b6a4d-066f-81a4-9026-24b5cf6ab097/mza_4483189934291450779.jpg/600x600bb.jpg,PodcastAI,1778060368,,USA,https://podcasts.apple.com/us/podcast/the-ai-news-daily-brief/id1778060368?uo=4,https://feeds.podcastai.com/lzSp5oGSGEaLNzHdqUBaTh.xml,Technology,The AI News Daily Brief,2026-05-25T17:00:00Z,247
https://is1-ssl.mzstatic.com/image/thumb/Podcasts221/v4/84/cd/73/84cd73e4-eddb-d7f6-a777-875efb65b924/mza_15569173368189135395.jpg/600x600bb.jpg,Marty Bent,1292381204,,USA,https://podcasts.apple.com/us/podcast/tftc-a-bitcoin-podcast/id1292381204?uo=4,https://feeds.fountain.fm/ZwwaDULvAj0yZvJ5kdB9,Technology,TFTC: A Bitcoin Podcast,2026-06-03T14:00:00Z,995
https://is1-ssl.mzstatic.com/image/thumb/Podcasts211/v4/f5/9a/ca/f59aca7c-b017-5c46-1dea-3289b7c36a25/mza_1957516471191143403.jpg/600x600bb.jpg,AI Agents Podcast,1783076120,,USA,https://podcasts.apple.com/us/podcast/ai-agents-podcast/id1783076120?uo=4,https://anchor.fm/s/fe2628e4/podcast/rss,Technology,AI Agents Podcast,2026-05-15T17:27:00Z,140
https://is1-ssl.mzstatic.com/image/thumb/Podcasts211/v4/df/93/dd/df93dde0-a8b1-05f5-92f8-ae372be86223/mza_9612606553473689589.jpg/600x600bb.jpg,CBC,1673817105,,USA,https://podcasts.apple.com/us/podcast/understood-artificial-intimacy/id1673817105?uo=4,https://www.cbc.ca/podcasting/includes/nakedemperor.xml,Technology,Understood: Artificial Intimacy,2026-05-26T08:10:00Z,44
https://is1-ssl.mzstatic.com/image/thumb/Podcasts221/v4/cb/4a/f9/cb4af9a2-5857-c3f1-30d4-14395af9a14f/mza_11350890235230424535.jpeg/600x600bb.jpg,Harry Stebbings,958230465,,USA,https://podcasts.apple.com/us/podcast/the-twenty-minute-vc-20vc-venture-capital-startup/id958230465?uo=4,https://rss.libsyn.com/shows/61840/destinations/240976.xml,Investing,The Twenty Minute VC (20VC): Venture Capital | Startup Funding | The Pitch,2026-05-30T07:07:00Z,1463
https://is1-ssl.mzstatic.com/image/thumb/Podcasts125/v4/4f/eb/eb/4febeb33-41af-7f2c-378e-67bb2a970ff0/mza_13185074142158294039.png/600x600bb.jpg,Apple Inc.,821698225,,USA,https://podcasts.apple.com/us/podcast/ken-burns-in-conversation-with-stephen-colbert/id821698225?uo=4,https://applehosted.podcasts.apple.com/eaas/us/special_event/ken_burns/ken_burns.xml,Technology,Ken Burns in Conversation with Stephen Colbert,2014-02-14T12:09:00Z,2
https://is1-ssl.mzstatic.com/image/thumb/Podcasts211/v4/94/ce/37/94ce3784-303c-6cc3-c658-9f9bbc0ec4cd/mza_4451248880842997978.jpg/600x600bb.jpg,AI World,1877895693,,USA,https://podcasts.apple.com/us/podcast/claude-code-cast/id1877895693?uo=4,https://anchor.fm/s/10f2ddf38/podcast/rss,Technology,Claude Code Cast,2026-05-29T18:22:00Z,16
https://is1-ssl.mzstatic.com/image/thumb/Podcasts211/v4/b4/41/9e/b4419e17-b3d7-a578-7bf6-d1118d27a19c/mza_6209722495607333664.jpg/600x600bb.jpg,Pushkin Industries and iHeartPodcasts,1558889546,,USA,https://podcasts.apple.com/us/podcast/smart-talks-with-ibm/id1558889546?uo=4,https://www.omnycontent.com/d/playlist/e73c998e-6e60-432f-8610-ae210140c5b1/85547dfc-49bd-4e63-a6cc-ae32006cd832/6d9e2ef8-e4e9-45e9-9e13-ae32006cd844/podcast.rss,Technology,Smart Talks with IBM,2026-06-02T09:00:00Z,54
https://is1-ssl.mzstatic.com/image/thumb/Podcasts211/v4/b1/0b/ac/b10bac9b-e35a-efd1-1c54-6321ce535fa0/mza_4971492661867950951.jpeg/600x600bb.jpg,Apple,1473854035,,USA,https://podcasts.apple.com/us/podcast/apple-events/id1473854035?uo=4,https://rss.art19.com/apple-events,Technology,Apple Events,2025-09-09T17:00:00Z,66
https://is1-ssl.mzstatic.com/image/thumb/Podcasts221/v4/89/d2/0d/89d20d22-fdfd-17d2-8f17-9c81203dd91a/mza_9105622015996722426.jpg/600x600bb.jpg,WBUR,1321060753,,USA,https://podcasts.apple.com/us/podcast/endless-thread/id1321060753?uo=4,https://rss.wbur.org/endlessthread/podcast,Technology,Endless Thread,2026-05-22T09:00:00Z,453
https://is1-ssl.mzstatic.com/image/thumb/Podcasts122/v4/8c/3e/76/8c3e76f3-485f-3f8b-f6d7-3101bb86ede0/mza_10263603389201953705.png/600x600bb.jpg,Andrew Sharp and Ben Thompson,1646152812,,USA,https://podcasts.apple.com/us/podcast/sharp-tech-with-ben-thompson/id1646152812?uo=4,https://sharptech.fm/feed/podcast,Technology,Sharp Tech with Ben Thompson,2026-05-15T08:59:00Z,276
https://is1-ssl.mzstatic.com/image/thumb/Podcasts221/v4/73/94/0c/73940ca6-2f2a-3ee3-eb4f-8a31e631c61a/mza_8666108756710781154.jpg/600x600bb.jpg,Bram Kanstein,1705737112,,USA,https://podcasts.apple.com/us/podcast/bitcoin-for-millennials/id1705737112?uo=4,https://anchor.fm/s/e82b7a08/podcast/rss,Technology,Bitcoin for Millennials,2026-05-28T16:00:00Z,267
https://is1-ssl.mzstatic.com/image/thumb/Podcasts211/v4/d8/14/eb/d814eb12-0a75-e0b4-33a1-c6a2dae2b516/mza_4023160414676912809.png/600x600bb.jpg,Koji,1729552193,,USA,https://podcasts.apple.com/us/podcast/%E5%8D%81%E5%AD%97%E8%B7%AF%E5%8F%A3crossing/id1729552193?uo=4,https://feed.xyzfm.space/68fyjknth9hj,Technology,十字路口Crossing,2026-05-27T16:00:00Z,115
https://is1-ssl.mzstatic.com/image/thumb/Podcasts116/v4/ed/0a/54/ed0a5498-2d8f-64f5-c43a-826927aefa3d/mza_2192951799380610254.jpg/600x600bb.jpg,AI LITERACY,1553736450,,USA,https://podcasts.apple.com/us/podcast/ai-literacy-a-podcast-about-artificial-intelligence/id1553736450?uo=4,https://anchor.fm/s/4848d648/podcast/rss,Technology,AI LITERACY - A Podcast about Artificial Intelligence,2022-01-31T14:00:00Z,9
https://is1-ssl.mzstatic.com/image/thumb/Podcasts221/v4/34/eb/2f/34eb2fe9-1e7e-cbeb-53e8-dd2a7efad0a8/mza_13783117361527725906.jpg/600x600bb.jpg,The Neuron,1742267001,,USA,https://podcasts.apple.com/us/podcast/the-neuron-ai-explained/id1742267001?uo=4,https://anchor.fm/s/f51d3fd0/podcast/rss,Technology,The Neuron: AI Explained,2026-06-03T18:40:00Z,94
https://is1-ssl.mzstatic.com/image/thumb/Podcasts221/v4/ab/36/7f/ab367f25-01e4-70d4-62ab-5e53cf126a7e/mza_2327051104557464659.jpg/600x600bb.jpg,Cedric Youngelman,1534519469,,USA,https://podcasts.apple.com/us/podcast/the-bitcoin-matrix/id1534519469?uo=4,https://feeds.fountain.fm/paBeJqepFBns3bT2OAtC,Technology,The Bitcoin Matrix,2026-05-26T17:00:00Z,278
