name,author,ingredients,steps,link
蓝莓山药奶昔,兰杏梅,蓝莓、山药、纯牛奶。,"1.铁棍山药备用。
2.削皮，切小段。
3.放入蒸锅。
4.蒸二十分钟左右即可。
5.蒸熟放入盘中。
6.蓝莓洗净备用。
7.纯牛奶备用。
8.全部食材倒入破壁机中。
9.按果蔬汁模式。
10.已打好。
11.如图所示。……",https://home.meishichina.com/recipe-666866.html
沙葱炒肉,_蒍鉨变乖々,洋葱、板筋肉、花生油、蚝油、盐。,"1.洋葱处理好洗净备用。
2.板筋瘦肉洗净切细。
3.锅中热油放入瘦肉炒干水份。
4.加入适量蚝油调味。
5.放入沙葱，大火快速翻炒。
6.少许盐调味。
7.翻炒均匀即可。
8.成品。
9.成品。
10.成品。
11.成……",https://home.meishichina.com/recipe-666791.html
鸭血粉丝汤,味趣,鸭血、鸡胗、鸡肝、粉丝、豆泡、香菜、葱花、油菜、醋。,"1.准备汤。现成的鸭汤加1/3的清水浸泡粉丝和鸭血。注意因为煮盐水鸭的汤偏咸，所以可不用额外加咸的调料。
2.油菜提前焯水去草酸。
3.汤泡20分钟后开始大火煮到粉丝熟透，可以尝一下是不是熟透了，之后放豆……",https://home.meishichina.com/recipe-666853.html
盐水鸭,味趣,鸭腿、盐、花椒、葱姜、八角。,"1.准备好盐、花椒。洗干净的鸭腿放到深点的盆里备着。
2.锅大火烧热，转小火，放10g盐炒到微黄，翻啊翻，拌啊拌。
3.放一小撮花椒，很快就能闻到花椒香味，翻拌几下就关火。
4.将花椒盐倒进鸭腿，这时盐很烫……",https://home.meishichina.com/recipe-666851.html
橙子炖猪排,金凤栖梧,梅花肉、橙子、生抽、蚝油、料洒、白糖、黑胡椒粉、玉米油、蒜片、盐。,"1.梅花肉切片，用刀背敲肉片。两边全都敲一下。
2.加入胡椒粉，蒜片，盐抓匀腌50分钟。
3.油热下入肉片煎至两面金黄捞出。
4.下入蒜片炒香。
5.香橙切片，留一半不切。
6.再倒入肉片，加生抽，白糖，料酒，……",https://home.meishichina.com/recipe-666837.html
蒸山药乳鸽,seiseizhang,乳鸽、红枣、山药、小葱、生姜片、料酒。,,https://home.meishichina.com/recipe-666836.html
炖木瓜,seiseizhang,木瓜、燕窝、桃胶、冰糖。,,https://home.meishichina.com/recipe-666835.html
玉米甘蔗水,金凤栖梧,玉米、甘蔗、胡萝卜、冰糖、白糖。,,https://home.meishichina.com/recipe-666834.html
清蒸带鱼,美食家_XYDl_jjVM,帶鱼、水、料酒。,,https://home.meishichina.com/recipe-666830.html
紫米山药粥,兰杏梅,紫糯米、大米、山药、纯净水。,,https://home.meishichina.com/recipe-666825.html
粉葛茯苓猪骨汤,rosejyy2000,猪骨、粉葛、党参、玉竹、土茯苓粒、赤小豆、扁豆、苕实、杞籽、红枣、花生、生姜、精盐。,"1.笔者会预先买一些经常用来煲汤的材料，分别用盒子装好，用时就按需取出；
2.隔夜预先把党参约15小根、玉竹1把、土茯苓粒1/4杯、赤小豆1/4杯、扁豆1/4杯、苕实1/4杯泡水；
3.把粉葛切成小方块，……",https://home.meishichina.com/recipe-666824.html
红烧荷包蛋,独乐乐不如众乐乐,荷包蛋、生抽、老抽、料酒、糖、水。,"1.煎3个蛋。
2.准备酱汁，然后酱汁与荷包蛋，一起煮，期间荷包蛋翻一下面，让酱汁吸收到荷包蛋里，完成，可以吃了！
3.香喷喷的红烧荷包蛋就做好了！",https://home.meishichina.com/recipe-666554.html
茄子鸡肉,独乐乐不如众乐乐,茄子、鸡腿、蒜、葱白、水淀粉、茄汁、酱油、糖、料酒、水,"1.茄子洗净，切块。
2.鸡腿去骨，也可以直接买去骨鸡腿肉。如果去骨鸡腿肉有多余骨头就用剪刀剔掉。
3.切块。
4.洗净沥干。
5.准备酱汁。
6.准备葱白和蒜。
7.热锅下油，下葱白和蒜瓣炒香。把鸡肉和茄子一起……",https://home.meishichina.com/recipe-666823.html
雪碧糖醋排骨,金凤栖梧,排骨、雪碧、香醋、生抽、老抽、糖、葱、姜、花椒粒、八角、盐、玉米油、白芝麻。,"1.排骨加葱姜焯水。
2.捞出洗净擦去水分，放入盘中，调料汁调出。
3.油热煎排骨，至两面金黄。
4.加葱姜，八角，花椒粒炒香。
5.加入1罐雪碧，电压力锅选择红烧。
6.压好的。
7.再入大勺大火收汤，撒上白芝……",https://home.meishichina.com/recipe-666822.html
蓝莓黑芝麻豆浆,兰杏梅,蓝莓、熟黑芝麻、黄豆、纯净水。,"1.蓝莓洗净备用。
2.黄豆浸泡6-12小时。
3.熟黑芝麻备用。
4.蓝莓和黄豆加纯净水一起倒入破壁机中。
5.启动10分快糊功能键，熟黑芝麻最后10分钟加，已打好。
6.盛入碗中。
7.又香又浓稠。
8.又健康……",https://home.meishichina.com/recipe-666816.html
鼠曲草馒头,清水淡竹,面粉、酵母、鼠曲草泥、白糖、猪油。,,https://home.meishichina.com/recipe-666809.html
萝卜馅素包子,金凤栖梧,红萝卜、面粉、玉米面、温水、干酵母粉、生抽、蚝油、花椒粉、香油、鸡精、盐、玉米油、葱花。,,https://home.meishichina.com/recipe-666799.html
小白菜馅素包子,金凤栖梧,小白菜、面粉、玉米面、温水、酵母粉、生抽、蚝油、香油、盐、花椒粉、鸡精、玉米油、葱花。,,https://home.meishichina.com/recipe-666798.html
三七炒鸡蛋,兰杏梅,三七、鸡蛋、花生油、盐。,,https://home.meishichina.com/recipe-666797.html
薄皮香菇青菜包,阳春白雪！,小白菜、香菇、饺子皮、盐、鸡粉、白胡椒粉、香油、花椒粉、小苏打。,,https://home.meishichina.com/recipe-666796.html
蓝莓山药豆浆,兰杏梅,蓝莓、黄豆、山药、纯净水。,"1.黄豆备用。
2.黄豆浸泡6-12小时。
3.铁棍山药备用。
4.削皮切小段。
5.蓝莓备用。
6.洗净。
7.山药、黄豆和蓝莓一起放入破壁机，加入纯净水。
8.选米糊模式。
9.开始搅拌。
10.已打好。
11.盛入……",https://home.meishichina.com/recipe-666795.html
复刻KFC土豆泥,阳春白雪！,土豆、纯牛奶、黄油、盐、黑胡椒碎、玉米淀粉、蚝油。,"1.土豆去皮切片（比较好蒸）蒸锅约20分钟。
2.调配料汁:1克黑椒碎+
0.5玉米淀粉+1勺蚝油+清水混合均匀。
3.蒸好的土豆加1克盐，适量牛奶压泥。
4.牛奶少量多次加入，到浓稠顺滑状态如图。
5.土豆泥……",https://home.meishichina.com/recipe-666794.html
山药春饼,美食家_XYDl_jjVM,饺子馅、山药春饼、鸡蛋液。,"1.1个鸡蛋液(去黄留清)打在碗里备用。
2.山药春饼化开拿出备用。
3.饺子馅放在饼上备用。
4.把鸡蛋液抹在饼边上好放下一张饼。
5.盖在铺好的馅饼上用力压实。
6.依次放到盘子里。
7.上锅蒸五分钟关火。8……",https://home.meishichina.com/recipe-666792.html
海苔花生,人可何222,花生仁、生海苔、盐。,"1.花生买来用水冲一下，锅里放少些油，直接下花生，中大火不停翻炒。
2.一直炒到发出噼噼啪啪的声音，然后关中小火继续炒。
3.中小火一直不停炒，炒至花生变成金黄赤色，下2匙盐，继续翻炒10来下，让花生均匀……",https://home.meishichina.com/recipe-666793.html
广东肇庆艾糍青团制作详细教程,美食家_xjmby,糯米粉、粘米粉、艾草、花生、芝麻、红糖。,"1.第一步，采摘艾草。挑选田间嫩绿的艾草嫩叶，仔细清洗干净，去除泥沙和杂质，保证食材新鲜干净。
2.第二步，煮艾草打泥。锅中烧水，放入艾草焯烫片刻，捞出过凉水挤干水分，再打成细腻的艾草泥。
3.第三步，揉……",https://home.meishichina.com/recipe-666789.html
蓝莓奶昔,兰杏梅,蓝莓、纯牛奶。,,https://home.meishichina.com/recipe-666784.html
DIY草莓酱,味趣,草莓、白砂糖、柠檬。,,https://home.meishichina.com/recipe-666780.html
炝拌三七,兰杏梅,三七、清水、蒜、葱、干红辣椒、白芝麻、花生油、盐、生抽、醋、鸡精、味精、白糖。,,https://home.meishichina.com/recipe-666772.html
香芋蒸鸡翅,清水淡竹,鸡中翅、香芋、姜、葱、豆瓣酱、淀粉、盐、料酒、老抽、蚝油。,,https://home.meishichina.com/recipe-666770.html
咸肉冬笋炒包菜,清水淡竹,咸肉、冬笋、包菜、蒜苗、盐、蚝油。,,https://home.meishichina.com/recipe-666768.html
白玉木耳拌菠菜,兰杏梅,白玉木耳、菠菜、蒜、干红辣椒、花生油、盐、生抽、醋、白糖。,"1.取一小把，放入盘中。
2.水开后放入白玉木耳煮10分钟，10分钟后关火继续焖半小时。
3.用凉水清洗一下，白玉木耳煮泡好的颜色更白，味道更肥美。
4.择好的菠菜，洗净，沥干水分。
5.菠菜焯一下水，焯水一……",https://home.meishichina.com/recipe-666870.html
黑小麦面粉香葱鸡蛋煎饼,兰杏梅,黑小麦面粉、鸡蛋、白芝麻、纯净水、花生油、盐。,"1.黑小麦面粉备用。
2.择好的香葱洗净，切碎备用。
3.碗中放入黑小麦面粉。
4.敲入鸡蛋、葱花、白芝麻和少许盐。
5.搅拌均匀。
6.平底锅刷油，倒入糊糊摊平。
7.盖上盖子焖煎至底部凝固，翻面。
8.小火慢煎……",https://home.meishichina.com/recipe-666869.html
蓝莓山药奶昔,兰杏梅,蓝莓、山药、纯牛奶。,"1.铁棍山药备用。
2.削皮，切小段。
3.放入蒸锅。
4.蒸二十分钟左右即可。
5.蒸熟放入盘中。
6.蓝莓洗净备用。
7.纯牛奶备用。
8.全部食材倒入破壁机中。
9.按果蔬汁模式。
10.已打好。
11.如图所示。……",https://home.meishichina.com/recipe-666866.html
沙葱炒肉,_蒍鉨变乖々,洋葱、板筋肉、花生油、蚝油、盐。,"1.洋葱处理好洗净备用。
2.板筋瘦肉洗净切细。
3.锅中热油放入瘦肉炒干水份。
4.加入适量蚝油调味。
5.放入沙葱，大火快速翻炒。
6.少许盐调味。
7.翻炒均匀即可。
8.成品。
9.成品。
10.成品。
11.成……",https://home.meishichina.com/recipe-666791.html
鸭血粉丝汤,味趣,鸭血、鸡胗、鸡肝、粉丝、豆泡、香菜、葱花、油菜、醋。,"1.准备汤。现成的鸭汤加1/3的清水浸泡粉丝和鸭血。注意因为煮盐水鸭的汤偏咸，所以可不用额外加咸的调料。
2.油菜提前焯水去草酸。
3.汤泡20分钟后开始大火煮到粉丝熟透，可以尝一下是不是熟透了，之后放豆……",https://home.meishichina.com/recipe-666853.html
盐水鸭,味趣,鸭腿、盐、花椒、葱姜、八角。,,https://home.meishichina.com/recipe-666851.html
橙子炖猪排,金凤栖梧,梅花肉、橙子、生抽、蚝油、料洒、白糖、黑胡椒粉、玉米油、蒜片、盐。,,https://home.meishichina.com/recipe-666837.html
蒸山药乳鸽,seiseizhang,乳鸽、红枣、山药、小葱、生姜片、料酒。,,https://home.meishichina.com/recipe-666836.html
炖木瓜,seiseizhang,木瓜、燕窝、桃胶、冰糖。,,https://home.meishichina.com/recipe-666835.html
玉米甘蔗水,金凤栖梧,玉米、甘蔗、胡萝卜、冰糖、白糖。,,https://home.meishichina.com/recipe-666834.html
营养凉拌菜,putimama,胡萝卜、香菇、小柿子、甜豆、元葱、红萝卜、柠檬、生抽、白醋、盐、鸡精、香油、芝麻辣椒油。,"1.将蔬菜洗净。
2.香菇洗净(需焯水)。
3.将各种蔬菜分别切成所需片条、状。
4.有的需要短暂的焯水过凉。
5.芝麻辣椒油。
6.将菜品拌至均匀，五彩缤纷，营养丰富。",https://home.meishichina.com/recipe-666645.html
菠萝鸡翅,金凤栖梧,鸡翅、菠萝、生抽、老抽、淀粉、盐、胡椒粉、生抽、蚝油、蜂蜜、水。,"1.鸡翅洗净，两面切两刀，菠萝切片备用​。
2.​鸡翅放入盆中，加入生抽1勺、老抽半勺、淀粉1勺、少许盐、白胡椒粉抓匀，腌30分钟​。
3.锅中油热煎鸡翅，两面金黄捞出​。
4.​煎菠萝片，煎出香味。
5.鸡……",https://home.meishichina.com/recipe-666737.html
芹菜水饺,putimama,面粉、水、肉馅、芹菜、葱花、姜末、食用油、生抽、料酒、香油、五香粉、白胡椒粉、盐、鸡精。,"1.将肉馅先加入调料搅拌均匀，加入芹菜馅、葱花。
2.肉馅已调制完成。
3.和好的面团饧半小时，再搓条、出剂擀成饺子皮(一次不必擀多，防止干裂)。
4.包好的饺子鼓鼓的很漂亮！
5.锅中水烧开后，再下入饺子煮……",https://home.meishichina.com/recipe-666695.html
香酥大虾,putimama,大虾、淀粉、面包糠、食用鲜花、薄荷、食用油(炸制用)、料酒(腌虾用)、盐(腌虾用)。,"1.大虾洗净去头去内脏，加入适量的盐、料酒、腌制10分钟。
2.这是淀粉加了南瓜粉搅拌均匀。
3.先将虾沾满干淀粉，再沾淀粉汁。
4.再沾上面包糠。
5.锅中加入适量的食用油洗热，下入虾胚炸制。
6.第一遍炸好……",https://home.meishichina.com/recipe-666647.html
焖牛脊边条,putimama,牛脊边条、水、五指毛桃、鹿茸(可不放)、生抽、红烧酱油、料酒、盐、葱段、姜片。,"1.将牛脊边条洗净，加入料酒、葱焯水后捞出放入高压锅中。
2.加入生抽、红烧酱油、料酒、盐、葱段、姜片五指毛桃、鹿茸、及水压半小时。
3.取出牛脊边条，既可切片沾料食用，也可切块炖土豆。",https://home.meishichina.com/recipe-666682.html
牛奶豆浆,兰杏梅,黄豆、纯牛奶、白糖、纯净水。,,https://home.meishichina.com/recipe-666732.html
土豆饼,美拉拉的美食日记,土豆、生菜、肉饼、胡椒酱、西红柿酱。,,https://home.meishichina.com/recipe-666716.html
全麦香辣雪里红馅包子,阳春白雪！,全麦面粉、中筋面粉、酵母、温水、白糖、猪油、雪里红、猪肉馅、小米辣、郫县豆瓣酱、白胡椒粉、白糖、味精、生抽、蚝油、大葱。,,https://home.meishichina.com/recipe-666727.html
清炒冰草,阳春白雪！,冰草、大蒜、干辣椒、盐、白胡椒粉。,,https://home.meishichina.com/recipe-666726.html
苹果炖猪排,金凤栖梧,梅花肉、苹果、蒜、葱、生抽、白糖、蚝油、料酒、黑胡椒粉、玉米油、盐。,,https://home.meishichina.com/recipe-666725.html
草莓🍓橘子🍊酸奶,兰杏梅,草莓、砂糖橘、酸奶。,"1.食材备用。
2.草莓去蒂，洗净，切好，砂糖橘剥好。
3.草莓、橘子和酸奶一同放入破壁机中。
4.按果蔬汁模式。
5.打好倒入杯中。
6.成品图。
7.酸甜可口。
8.果香扑鼻而来。",https://home.meishichina.com/recipe-666721.html
肉片青菜炒年糕,鑫姐厨房,年糕片、上海青、肉片、葱段、红辣椒、老抽。,"1.年糕切片，葱切段红辣椒切片，瘦肉切片加盐腌制，上海青洗净备用。
2.水烧开之后把年糕片放入开水中烫软，捞出过凉水备用。
3.锅中下油烧热，倒入上海青炒熟。
4.锅中加少量的油，裹好粉浆的肉片倒入油锅中爆……",https://home.meishichina.com/recipe-666679.html
酒酿炖鸡蛋,鑫姐厨房,酒酿、生鸡蛋、红枣、黄芪、枸杞子、当归、红糖。,"1.准备好以上材料。
2.去酒酿一勺。
3.锅中放水，放入蒸架，找一个自己喜欢的炖盅，把酒酿放在炖盅里。
4.把鸡蛋打入，放红枣，当归，黄芪，枸杞子，红糖，放少许温水！
5.把炖盅盖上盖子，开火，水开后炖五六……",https://home.meishichina.com/recipe-666676.html
苹果雪梨水,兰杏梅,苹果、雪梨、红枣、纯净水。,"1.苹果和雪梨各一个，红枣两颗，洗净备用。
2.苹果切片，去皮去籽。
3.雪梨切片，去皮去籽。
4.苹果、雪梨和红枣一起放进锅里，加适量纯净水。
5.大火煮开后转小火煮20分钟。
6.盛入杯中。
7.酸甜可口。",https://home.meishichina.com/recipe-666717.html
纸皮烧麦,芊芊美食记WQ,糯米、干香菇、甜玉米、青豆、胡萝卜、猪油、食用油、料酒、味极鲜、红烧汁、蚝油、松茸鲜、五香粉、白胡椒粉、糖、盐、酱油、猪肉、高筋面粉、凉水、玉米油、食盐、谷元粉、木薯淀粉。,"1.400克圆糯米+100克长糯米提前泡一个晚上。
2.放入电饭锅，加少量的水煮成糯米饭或用蒸锅隔水蒸熟。
3.30克干香菇提前泡发。
4.250克猪肉切成丁(
0.5～1cm)。
5.香菇切成丁。
6.70克胡……",https://home.meishichina.com/recipe-666714.html
鲜奶软蛋糕(6寸),芊芊美食记WQ,鸡蛋、牛奶、糖、淡奶油、低筋面粉、盐、柠檬汁、玉米淀粉、黄油。,,https://home.meishichina.com/recipe-666697.html
五味斋蒸两样,五味斋主,面条菜、胡萝卜、玉米面、青蒜苗、食盐、食油、花椒油。,,https://home.meishichina.com/recipe-666707.html
雪梨枸杞茶,兰杏梅,雪梨、宁夏枸杞、黄冰糖、纯净水。,,https://home.meishichina.com/recipe-666706.html
芦笋口蘑炒虾仁,球娃娃,虾、芦笋、口蘑、洋葱、生抽、蒜香椒盐粉。,,https://home.meishichina.com/recipe-666702.html
胡萝卜蒸蛋,清水淡竹,鸡蛋、胡萝卜、小葱、淀粉、盐、料酒、生抽。,,https://home.meishichina.com/recipe-666701.html
胡萝卜鲜肉芋泥蒸饺,清水淡竹,肉末、香芋、胡萝卜、面粉、香葱、盐、生抽、蚝油。,"1.胡萝卜蒸熟放料理机打成泥。
2.面粉、胡萝卜泥含水量不同，酌情添加。
3.和成柔软光滑面团，饧发半个小时。
4.香芋蒸熟去皮压成泥，肉末剁好。
5.香葱切细。
6.加盐、生抽、蚝油拌好馅。
7.面团揉成长条，……",https://home.meishichina.com/recipe-666700.html
羊肚菌酿虾滑,球娃娃,羊肚菌、虾滑、粉丝、蒸鱼豆豉油。,"1.将羊肚菌用温水泡发，再用面粉洗净，用厨房纸巾将水擦拭干，用剪刀剪开，将虾滑挤进去。
2.将粉丝泡软剪断，放盘子中间，大火水开后蒸8分钟即可。
3.最后淋上蒸鱼豉油即可。",https://home.meishichina.com/recipe-666698.html
甜豆拌胡萝卜,putimama,甜豆、胡萝卜、生抽、白醋、盐、香油、芝麻辣椒油。,"1.将甜豆洗净，胡萝卜切片、水开后放入焯水。
2.捞出过凉水，加入生抽、白醋、盐、香油、芝麻辣椒油拌匀。
3.盛入盘中，颜色美观、口感脆爽、营养丰富。",https://home.meishichina.com/recipe-666685.html
雪梨丝鸡蛋煎饼,兰杏梅,雪梨、鸡蛋、普通面粉、黑芝麻、花生油。,"1.雪梨洗净备用。
2.切丝。
3.碗中放入雪梨丝，敲入两个鸡蛋。
4.普通面粉备用。
5.再放入面粉。
6.搅拌均匀。
7.平底锅刷油，倒入糊糊摊平。
8.撒上黑芝麻。
9.盖上盖子焖煎至底部凝固。
10.小火两面煎……",https://home.meishichina.com/recipe-666692.html
百合甜豆,putimama,甜豆、小黄柿子、百合、小红椒、食用鲜花、生抽、白醋、香油、芝麻辣椒油、鸡精。,"1.甜豆洗净焯水。
2.芝麻辣椒油料汁。
3.将黄色小柿子切瓣，小红椒切片备用。
4.百合先泡好焯水。
5.将甜豆先用香油拌一下((碧绿)。
6.再放入其他食材及料汁拌至均匀。
7.盛入了盘中，用网购的可食用鲜花……",https://home.meishichina.com/recipe-666655.html
浙醋萝卜,putimama,白萝卜、红浙醋、姜、蒜、小红椒、黄冰糖、盐。,,https://home.meishichina.com/recipe-666658.html
凉拌藕,putimama,鲜藕、食用鲜花、生抽、白醋、香油、鸡精、芝麻辣椒油。,,https://home.meishichina.com/recipe-666641.html
红薯叶馅饺子,金凤栖梧,红薯叶、猪肉、葱花、花椒粉、生抽、香油、料酒、盐、鸡精、玉米油。,,https://home.meishichina.com/recipe-666687.html
羊排萝卜汤,清水淡竹,羊排、白萝卜、红枣、枸杞、姜、葱结、盐、料酒。,,https://home.meishichina.com/recipe-666644.html
丝瓜尖拌菜,putimama,丝瓜尖、小胡萝卜、圣女果、蒜蓉、香油、芝麻辣椒油、生抽、白醋、鸡精。,,https://home.meishichina.com/recipe-666643.html
美味炸大虾,putimama,大虾、淀粉、面包糠、食用油、料酒、盐。,"1.将鲜虾去头，去虾线洗净，加入料酒盐腌制10分钟。
2.将大虾粘满干淀粉，用竹棍将虾穿直。
3.再粘淀粉水后，放入面包糠中粘匀。
4.逐个粘好再进行炸制。
5.锅中食用油烧至5层热，将虾胚下入锅中炸制(中小……",https://home.meishichina.com/recipe-666648.html
早餐攸面鱼,putimama,攸面、白菜丝、食物油、料酒、盐。,"1.攸面适量，用开水烫1/2再加少量水和成面团。
2.攸面搓成条状，再压扁、用麻食板搓成攸面魚。
3.攸面魚做好，锅中水烧开后放入锅中蒸5分钟。
4.蒸熟的攸面魚。
5.锅中放入鲜汤，下入攸面魚、适量的盐、出……",https://home.meishichina.com/recipe-666601.html
鸡蛋炒蔬菜,putimama,鸡蛋、小胡萝卜、甜豆、食用油、料酒、生抽、盐。,"1.胡萝卜去皮切成片，再焯水。
2.甜豆焯水，切段。
3.先炒鸡蛋。
4.再加入适量食用油烧热，加入胡萝卜片、甜豆翻炒。
5.加入料酒、生抽、盐、鸡蛋。
6.翻炒出锅。
7.鸡蛋炒蔬菜，颜色美观，营养丰富。",https://home.meishichina.com/recipe-666663.html
酥炸小黄鱼,putimama,小黄魚、淀粉、面包糠、淀粉水、薄荷、椒盐、食用油、料酒、盐、胡椒粉。,"1.将小黄魚去头及内脏洗净。
2.加入盐、料酒、腌制20分钟入味。
3.先将小黄魚粘上淀粉。
4.再粘淀粉水后，放入面包糠中裹匀。
5.锅中食用油烧至5层热，下入小黄魚炸制。
6.炸制两遍捞出装盘，撒入椒盐、薄……",https://home.meishichina.com/recipe-666657.html
蚕豆小炒,putimama,蚕豆、小胡萝卜、元葱、食用油、料酒、生抽、盐。,"1.胡萝卜洗净去皮，切成片。
2.放入锅中焯水几分钟。
3.蚕豆洗净焯水。
4.快炒出锅，盛入盘中。",https://home.meishichina.com/recipe-666642.html
炒红薯叶,金凤栖梧,红薯叶、蒜花、干辣椒、盐、味精、油。,,https://home.meishichina.com/recipe-666671.html
苹果玉米沙拉,兰杏梅,苹果、熟玉米粒、沙拉酱、盐、黑辣椒粉。,,https://home.meishichina.com/recipe-666665.html
酱卤牛肉,清水淡竹,牛腱子、八角、草果、花椒、香叶、干辣椒、姜片、香葱、豆瓣酱、冰糖、生抽、老抽、料酒、盐。,,https://home.meishichina.com/recipe-666649.html
烤羊腿,美拉拉的美食日记,鲜羊腿、洋葱、苹果、蚝油、生抽、辣椒粉。,,https://home.meishichina.com/recipe-666664.html
赛螃蟹,兰杏梅,鸡蛋、姜、花生油、盐、醋。,,https://home.meishichina.com/recipe-666651.html
香肠茼蒿炒年糕,清水淡竹,香肠、鸭蛋、茼蒿、香菇、年糕、蒜、油、盐、料酒、蚝油。,"1.香肠切片。
2.上锅蒸10分钟。
3.茼蒿洗净切段，香菇切片，蒜瓣切片。
4.年糕切条。
5.鸭蛋加盐、料酒、少许水打散。
6.热锅冷油，倒入蛋液炒成块盛出。
7.锅中放油炒香蒜片。
8.先后放入香菇、茼蒿翻炒……",https://home.meishichina.com/recipe-666640.html
酸菜烧鸭血,兰杏梅,酸菜、鸭血、五花肉、姜、干红辣椒、蒜、葱、纯净水、花生油、盐、白酒、耗油、生抽、鸡精。,"1.腌制的酸菜。
2.酸菜切好。
3.挤出多余的水分。
4.姜切丝、干红辣椒切段、蒜切片和葱花备用。
5.五花肉备用。
6.鸭血洗净备用。
7.切成厚点的片。(太薄煮出来就烂了)
8.冷水下锅。
9.放少许白酒，水开……",https://home.meishichina.com/recipe-666639.html
自制鸡蛋豆腐,美拉拉的美食日记,黄豆、鸡蛋、葱花、蚝油。,"1.鸡蛋加少许盐调味打散备用。
2.把黄豆打成豆浆汁后过滤备用。
3.把两种液体混合均匀后盖上保鲜膜上锅蒸十五分钟左右取出。
4.晾凉后切块备用。
5.小火少油慢煎至两面金黄。
6.调入蚝油酱汁后加入葱段即可食……",https://home.meishichina.com/recipe-666635.html
荠菜鲜肉汤圆,清水淡竹,夹心肉、荠菜冬笋鲜肉馅、糯米粉、盐。,"1.糯米粉130g加开水70g，用筷子搅成絮状。
2.用手揉成粉团，盖保鲜膜饧发半个小时。
3.春日吃春菜，调好的荠菜冬笋鲜肉馅。
4.取适量粉团捏成中间厚四周薄，放上馅料。
5.收好口，全部做好。
6.锅中水……",https://home.meishichina.com/recipe-666634.html
囗蘑酿虾滑,金凤栖梧,虾滑、口蘑、清水、生抽、蚝油、老抽、黑胡椒、淀粉、食盐、芝麻。,"1.备好食材。料汁为调料和辅料放一起调匀的。口蘑掰掉柄。
2.挤入虾滑。
3.煎至两面金黄。
4.翻个煎。
5.倒入料汁，炖一下使浓稠。
6.最后撒上芝麻与葱碎。
7.成品。
8.上桌了。",https://home.meishichina.com/recipe-666633.html
#元宵#咸酸粥,清水淡竹,咸排骨、咸肉、咸排骨、虾干、干香菇、毛芋、大米、花生米、甜玉米粒、豌豆、豆干、红豆、芥菜、姜片、油、盐、料酒、生抽。,,https://home.meishichina.com/recipe-666631.html
黑芝麻花生汤圆,芊芊美食记WQ,糯米粉、温水、熟黑芝麻、熟花生、猪油、糖、熟油。,,https://home.meishichina.com/recipe-666622.html
绿茶豆浆,兰杏梅,黄豆、绿茶、纯净水。,,https://home.meishichina.com/recipe-666624.html
𰻝𰻝面,金凤栖梧,面粉、温水、盐、生菜叶、猪肉、鸡蛋、西红柿、盐、生抽、老抽、花椒粉、八角、孜然粒、细辣椒面、粗辣椒面、干辣椒、蒜花、葱花、花椒粒。,,https://home.meishichina.com/recipe-666623.html
五指毛桃炖土鸡,清水淡竹,土鸡、干香菇、红枣、五指毛桃、薏米、枸杞、姜、盐、料酒、生抽。,,https://home.meishichina.com/recipe-666564.html
炸油饼,美食家_XYDl_jjVM,包饺子面、油、盐。,"1.把饺子面放在案板上拉长卷起。
2.按成一个油饼生坯。
3.锅里倒入多一点的油热后下入油饼生坯。
4.炸入两面金黄控油捞出装盘。
5.成品图。",https://home.meishichina.com/recipe-666611.html
黑芝麻汤圆,芊芊美食记WQ,糯米粉、温水、黑芝麻、花生米、糖、猪油。,"1.花生打成粉。
2.黑芝麻打成粉。
3.全部倒入大碗中。
4.加入糖和猪油。
5.搅拌均匀。
6.搓成10克一个的小剂子。
7.放冰箱冷冻半个小时定型。
8.150克糯米粉。
9.加入100克温水。
10.搅拌均匀，……",https://home.meishichina.com/recipe-666619.html
柿子汤圆,芊芊美食记WQ,水磨糯米粉、温水、熟黑芝麻、熟花生、糖、猪油、黄金芝士粉、抹茶粉。,"1.熟花生打成粉。
2.熟黑芝麻打成粉。
3.全部做倒入碗中。
4.加入糖和猪油。
5.搅拌均匀。
6.搓成10克一个的小剂子。
7.全部做完，放入冰箱冷藏半小时。
8.150克糯米粉。
9.加入100克温水。
10.……",https://home.meishichina.com/recipe-666617.html
方便面鸡蛋煎饼,兰杏梅,碎方便面、鸡蛋、花生油。,"1.碎方便面备用。
2.敲入两个鸡蛋。
3.顺时针搅拌均匀成稀糊状。
4.平底锅烧热放适量油，倒入糊糊，摊匀。
5.小火慢煎。
6.翻面。
7.煎至两面金黄色即可。
8.成品图。
9.切片装盘。
10.美味可口。",https://home.meishichina.com/recipe-666616.html
麻婆豆腐,阳春白雪！,豆腐、大葱、大蒜、玉米淀粉、郫县豆瓣酱、生抽、麻椒粉、白胡椒粉。,"1.准备主要食材:嫩豆腐或者中豆腐200克⎮大蒜大葱切碎⎮郫县豆瓣一勺⎮麻椒粉1克⎮白胡椒粉1克⎮生抽1勺⎮玉米淀粉1克。
2.喷少许油，把葱蒜豆瓣酱炒一下。
3.适量清水，豆腐放进去，加生抽，麻椒粉，白……",https://home.meishichina.com/recipe-666615.html
洋葱猪排,rosejyy2000,猪排肉、大洋葱、小苏打、生抽、白糖、胡椒粉、白兰地、清水、味极鲜、蚝油、生抽、味啉、生粉、麻油、清水。,,https://home.meishichina.com/recipe-666614.html
味极鲜爆虾,rosejyy2000,活虾、生粉、精盐、胡椒粉、白兰地、红葱头片、蒜末、姜末、味极鲜、辣椒油、味啉、白兰地、清水。,,https://home.meishichina.com/recipe-666613.html
黄瓜拌皮蛋,阳春白雪！,黄瓜、皮蛋、小米辣、大蒜、生姜、生抽、米醋、白糖、鸡精、芝麻香油。,,https://home.meishichina.com/recipe-666612.html
三鲜鸡蛋汤,，_yjsF,蔬菜、鸡蛋、酥肉、火腿、腊肉片、盐、生姜、鸡精、花椒。,,https://home.meishichina.com/recipe-666610.html
鲫鱼豆腐汤,，_yjsF,鲫鱼、豆腐、盐、姜、菜籽油、猪油。,,https://home.meishichina.com/recipe-666609.html
