　用武之地,magnet:?xt=urn:btih:f5e86747255bda7f6ebb9cf09931dc72c86ae8c5&dn=[电影天堂www.dytt8899.com]用武之地-2025_HD国语中字.mp4&tr=http://t.t789.me:2710/announce&tr=http://t.t789.co:2710/announce&tr=http://t.t789.vip:2710/announce
　我的朋友安德烈,magnet:?xt=urn:btih:d266ff47df79946f13c087c065d7fd911f0bc8db&dn=[电影天堂www.dytt8899.com]我的朋友安德烈-2024_HD国语中字.mp4&tr=http://t.t789.me:2710/announce&tr=http://t.t789.co:2710/announce&tr=http://t.t789.vip:2710/announce
　龙与地下城：侠盗荣耀,magnet:?xt=urn:btih:7f416ae06d0b0620eb7fdbf0ed60c1eb49908236&dn=[电影天堂www.dytt8899.com]龙与地下城：侠盗荣耀-2023_BD国英双语中英双字.mp4&tr=http://t.t789.me:2710/announce&tr=http://t.t789.co:2710/announce&tr=http://t.t789.vip:2710/announce
　不过是上班,magnet:?xt=urn:btih:93db0c90974d1033d21a266ff10169bc6b722685&dn=[电影天堂www.dytt8899.com]不过是上班-2026_HD国语中字.mp4&tr=http://t.t789.me:2710/announce&tr=http://t.t789.co:2710/announce&tr=http://t.t789.vip:2710/announce
　狂野时代,magnet:?xt=urn:btih:adcc94da23df99550cd630bca9abf225a3d79286&dn=[电影天堂www.dytt8899.com]狂野时代-2025_HD国语中字.mp4&tr=http://t.t789.me:2710/announce&tr=http://t.t789.co:2710/announce&tr=http://t.t789.vip:2710/announce
　东极岛,magnet:?xt=urn:btih:2d8fac5739e5c861a866745469b6e811f0988821&dn=[电影天堂www.dytt8899.com]东极岛-2025_BD国语中字.mp4&tr=http://t.t789.me:2710/announce&tr=http://t.t789.co:2710/announce&tr=http://t.t789.vip:2710/announce
　庇护之地,magnet:?xt=urn:btih:f042e085b66c0c83f45452158408cd6031402a63&dn=[电影天堂www.dytt8899.com]庇护之地-2026_HD中英双字修正版.mp4&tr=http://t.t789.me:2710/announce&tr=http://t.t789.co:2710/announce&tr=http://t.t789.vip:2710/announce
　哈姆奈特,magnet:?xt=urn:btih:112dcc3cf2e0e755a58090b449c1c2ff94342d89&dn=[电影天堂www.dytt8899.com]哈姆奈特-2025_BD中英双字.mp4&tr=http://t.t789.me:2710/announce&tr=http://t.t789.co:2710/announce&tr=http://t.t789.vip:2710/announce
　匿杀,magnet:?xt=urn:btih:a515e1d0dfed858adcb30689c3866d9a860b0903&dn=[电影天堂www.dytt8899.com]匿杀-2025_HD国语中英双字.mp4&tr=http://t.t789.me:2710/announce&tr=http://t.t789.co:2710/announce&tr=http://t.t789.vip:2710/announce
　魔法坏女巫2,magnet:?xt=urn:btih:9ad883e2994a2de1d37e1d5342e5071d1a0fe91d&dn=[电影天堂www.dytt8899.com]魔法坏女巫2-2025_BD中英双字.mp4&tr=http://t.t789.me:2710/announce&tr=http://t.t789.co:2710/announce&tr=http://t.t789.vip:2710/announce
　惊天魔盗团3,magnet:?xt=urn:btih:ae39e953d2e24a33e1164c73b625825866a92dd2&dn=[电影天堂www.dytt8899.com]惊天魔盗团3-2025_BD中英双字.mp4&tr=http://t.t789.me:2710/announce&tr=http://t.t789.co:2710/announce&tr=http://t.t789.vip:2710/announce
　复活她,magnet:?xt=urn:btih:b96daddc4b9025eab492a3c098469d2de7817f54&dn=[电影天堂www.dytt8899.com]复活她-2025_BD中英双字.mp4&tr=http://t.t789.me:2710/announce&tr=http://t.t789.co:2710/announce&tr=http://t.t789.vip:2710/announce
　寻秦记,magnet:?xt=urn:btih:727d706c60e583031dca6a59f6dfde0ca3f4bca6&dn=[电影天堂www.dytt8899.com]寻秦记-2025_HD国粤双语中英双字.mp4&tr=http://t.t789.me:2710/announce&tr=http://t.t789.co:2710/announce&tr=http://t.t789.vip:2710/announce
　目中无人,magnet:?xt=urn:btih:5f0ee9b608c517ff2afe0b3ef7b16bc47ba11387&dn=[电影天堂www.dytt8899.com]目中无人-2022_BD国英双语中字.mp4&tr=http://t.t789.me:2710/announce&tr=http://t.t789.co:2710/announce&tr=http://t.t789.vip:2710/announce
　目中无人2,magnet:?xt=urn:btih:78bb664d7993dcd80e62d3c38174808e9976287e&dn=[电影天堂www.dytt8899.com]目中无人2-2024_BD国英双语中字.mp4&tr=http://t.t789.me:2710/announce&tr=http://t.t789.co:2710/announce&tr=http://t.t789.vip:2710/announce
